,base_calmar,base_retorno,calmar_-20%,retorno_-20%,calmar_+20%,retorno_+20%
n_donchian,3.399625222529402,0.7542492323765198,3.9390823314362584,0.8533563332345322,3.3554047576553256,0.7155690757122146
n_roc,3.399625222529402,0.7542492323765198,2.251518184189856,0.5874596483354693,2.458694248735289,0.5342107226723027
n_ema,3.399625222529402,0.7542492323765198,3.3953677559254545,0.7532145556679186,3.4026872527020213,0.7549935191918724
n_atr,3.399625222529402,0.7542492323765198,0.5353007628665943,0.15095425213122549,1.8627256274312627,0.4693821071180859
k,3.399625222529402,0.7542492323765198,2.652865605999203,0.5760844025495244,3.008389684333275,0.6607225941714296
m,3.399625222529402,0.7542492323765198,0.7289842290910824,0.267743575876614,1.1308052532250137,0.22680779954169128
r,3.399625222529402,0.7542492323765198,0.6276835095805162,0.1762760385406117,1.9476283304389765,0.5598610711577383
max_hold,3.399625222529402,0.7542492323765198,0.7644069855222361,0.24205550828479017,1.683566084627906,0.3575559256756682
risk_frac,3.399625222529402,0.7542492323765198,3.0984491314250047,0.5735580934104985,3.6777537221618104,0.933512791526705
