comision_por_lado_bps,retorno_total,operaciones
0.0,1.1460447118572366,167.0
2.5,1.0612906810623297,167.0
5.0,0.9798653272922551,167.0
7.5,0.9016235854386281,167.0
10.0,0.826458341394388,167.0
12.5,0.7542492323765198,167.0
15.0,0.6848805810162057,167.0
17.5,0.618241213879611,167.0
20.0,0.554224286982737,167.0
22.5,0.4927271180321977,167.0
25.0,0.43365102513393716,167.0
27.5,0.3769011717217201,167.0
30.0,0.3223864174668185,167.0
32.5,0.2700191749392762,167.0
35.0,0.21971527180000527,167.0
37.5,0.17139381831137857,167.0
40.0,0.1249770799620673,167.0
42.5,0.08039035500966807,167.0
45.0,0.03756185675228729,167.0
47.5,-0.003577399652742952,167.0
50.0,-0.04309370599766793,167.0
