time,retorno
2022-07,-0.036316244175621404
2022-08,-0.15153992409839445
2022-09,-0.05178969127309363
2022-10,-0.045525384541529657
2022-11,0.11070922962368424
2022-12,-0.0835770866867721
2023-01,-0.05289628833033555
2023-02,-0.057952453939961845
2023-03,-0.01942866480504646
2023-05,0.008704758574744398
2023-06,0.011272301269062535
2023-07,-0.046369151764738104
2023-08,0.051013294767724426
2023-09,-0.03967049748760265
2023-10,0.03932493263451331
2023-11,-0.03643159873545887
2023-12,0.0008787571766177837
