,fold,test_start,oos_return,oos_trades,bars_reversion,is_reversion,bars_tendencia,is_tendencia,bars_crisis,is_crisis,regimes_traded
0,0,2022-07-01 21:00:00+00:00,-0.056517860568332634,7,3408,154.5792011991299,2556,37.43787943092697,660,41.57435201796145,3
1,1,2022-07-09 00:30:00+00:00,0.005525930669492807,4,3924,119.39880828094515,3864,60.803157760265584,852,29.653981606130923,3
2,2,2022-07-16 05:15:00+00:00,-0.0009591030886142438,6,3492,87.72333746876247,4080,63.501191684810934,1068,71.601473764314,3
3,3,2022-07-23 09:00:00+00:00,0.020140185165222535,6,3888,44.56692801974668,4668,45.28996402206108,84,,2
4,4,2022-07-30 12:05:00+00:00,-0.016881865825373987,7,3804,208.8340645371487,4836,79.79611095427684,0,,2
5,5,2022-08-06 13:55:00+00:00,-0.03919760187133203,4,4020,20.827516094846978,4620,314.55799570790003,0,,2
6,6,2022-08-13 21:00:00+00:00,0.0016148097359061087,8,5040,97.17307777389382,3600,106.18221721136821,0,,2
7,7,2022-08-21 02:40:00+00:00,-0.09284994800083723,12,5496,53.60415334821968,3144,123.41783752255947,0,,2
8,8,2022-08-28 07:00:00+00:00,-0.03785663566272712,8,5664,88.09557560293214,2976,87.6696420661205,0,,2
9,9,2022-09-04 12:15:00+00:00,0.03720874738319635,7,5160,56.12306902375805,3480,29.635551053298244,0,,2
10,10,2022-09-11 15:25:00+00:00,-0.022597978942897834,5,5052,43.45198893726469,3588,239.63731550038145,0,,2
11,11,2022-09-18 19:00:00+00:00,0.030941760674456864,6,4176,41.94554042184018,4464,111.33346624512288,0,,2
12,12,2022-09-25 21:20:00+00:00,-0.07557954044771487,6,4524,93.74353050913349,4116,20.666111817545165,0,,2
13,13,2022-10-03 02:50:00+00:00,0.00734415318445647,5,5520,36.08428552604643,3120,25.839339306039953,0,,2
14,14,2022-10-10 09:25:00+00:00,-0.006187656286432586,4,5772,-1.665311458815591,2868,13.927923958614603,0,,1
15,15,2022-10-17 16:15:00+00:00,-0.01078326343524394,7,5628,0.9999603818943286,3012,34.61207715783262,0,,2
16,16,2022-10-24 21:10:00+00:00,-0.031177765973261273,5,7416,-1.4986861177497408,1224,68.70660552585959,0,,1
17,17,2022-10-31 23:05:00+00:00,0.02219907598951898,5,5952,127.6341215290194,2688,39.280757381500564,0,,2
18,18,2022-11-08 00:20:00+00:00,0.028268323329938783,2,6180,100.17551725612216,2460,93.68175330968718,0,,2
19,19,2022-11-15 02:35:00+00:00,0.0010547908948683737,12,5724,90.74885722488004,1680,39.95678159767311,1236,6.371505540508359,3
20,20,2022-11-22 03:50:00+00:00,0.02482599420308862,4,5364,258.4383633889533,1764,42.28055721414751,1512,7.901464135081556,3
21,21,2022-11-29 05:40:00+00:00,0.0011164985044889164,14,5844,87.84905500704963,1140,248.42476806373045,1656,50.83868004090969,3
22,22,2022-12-06 08:50:00+00:00,0.006156602643375253,9,5460,575.6241518659925,1416,78.02908310858902,1764,4.059642685466429,3
23,23,2022-12-13 11:20:00+00:00,-0.017855444994940628,8,6228,158.34472681232964,1272,114.41789077602577,1140,49.691499081281336,3
24,24,2022-12-20 12:30:00+00:00,-0.040778146126641435,11,6816,215.80542083384748,1824,161.97304650141973,0,,2
25,25,2022-12-27 15:10:00+00:00,-0.017787591706262096,9,6840,138.86025578016063,1800,9.324766396067066,0,,2
26,26,2023-01-03 17:10:00+00:00,-0.026609845430284884,11,6180,48.70811876751395,2460,56.921933925835276,0,,2
27,27,2023-01-10 19:55:00+00:00,0.04484066723058411,10,4980,70.81731450086053,3660,25.66317148144496,0,,2
28,28,2023-01-17 20:45:00+00:00,-0.039654610487493636,8,3276,11.34614981495509,5364,200.64069903151608,0,,2
29,29,2023-01-25 00:45:00+00:00,-0.018461627551927373,3,2556,81.91992363063736,6084,202.72894080312201,0,,2
30,30,2023-02-01 04:25:00+00:00,-0.032364736008914985,2,2916,58.092899334911955,5724,147.1456295229421,0,,2
31,31,2023-02-08 05:55:00+00:00,-0.006743002548409094,5,4284,78.76741565001684,4356,207.1656526284496,0,,2
32,32,2023-02-15 07:00:00+00:00,-0.00042309326863254615,8,4476,111.22059319929858,4164,37.46811254458846,0,,2
33,33,2023-02-22 08:00:00+00:00,-0.011672956443226745,6,4380,104.57805200153408,4260,29.361337567815784,0,,2
34,34,2023-03-01 11:40:00+00:00,-0.026828203930671424,9,4284,272.50803974320655,4356,36.72791976231412,0,,2
35,35,2023-05-25 10:55:00+00:00,-0.0011775966134590643,9,5232,20.056161081904573,1392,29.75263713237806,0,,2
36,36,2023-06-01 15:05:00+00:00,-0.00787036517495665,11,6804,51.083380452039414,1836,36.68170597553487,0,,2
37,37,2023-06-08 19:15:00+00:00,-0.011721831704009755,9,6792,38.142565456271775,1848,31.071532045418245,0,,2
38,38,2023-06-15 23:55:00+00:00,0.03067974295721365,11,7908,71.72866287520104,732,47.16884634161746,0,,2
39,39,2023-06-23 04:55:00+00:00,0.010584289684060444,4,7188,54.56617728950622,1452,233.31362805020382,0,,2
40,40,2023-06-30 10:10:00+00:00,0.008314840662533296,2,6024,-1.3622962002863894,2616,155.43438391234872,0,,1
41,41,2023-07-07 16:00:00+00:00,-0.025535720102392245,7,6348,-1.400736288178069,2292,109.27374342858057,0,,1
42,42,2023-07-14 18:20:00+00:00,-0.02717466159731663,5,5892,-1.4058805048048522,2748,65.48673889617451,0,,1
43,43,2023-07-22 00:00:00+00:00,-0.002338222114130817,5,5664,-1.710208279767859,2976,18.884310723942203,0,,1
44,44,2023-07-29 05:10:00+00:00,0.0,0,6108,-1.4671246647299092,2532,22.128608765700616,0,,1
45,45,2023-08-05 09:50:00+00:00,-0.005740415842810931,4,6240,76.74613325120407,2400,15.216715806185228,0,,2
46,46,2023-08-12 15:20:00+00:00,0.01610441767037063,10,6600,55.98189962889118,2040,18.004786623373917,0,,2
47,47,2023-08-19 17:55:00+00:00,-0.02864993317721598,6,5904,30.18103579805391,2736,64.69127740524421,0,,2
48,48,2023-08-26 21:55:00+00:00,0.06965045647879986,11,6060,11.255396831577796,2580,63.861797701926676,0,,2
49,49,2023-09-03 03:05:00+00:00,0.005406015050495538,4,6576,48.47863432551784,2064,85.38907886841918,0,,2
50,50,2023-09-10 08:30:00+00:00,0.006677022607296079,5,6180,67.39244181929045,2460,45.91658611951531,0,,2
51,51,2023-09-17 13:20:00+00:00,-0.011628194385114976,6,6324,77.62851440420418,2316,6.243265385899826,0,,2
52,52,2023-09-24 17:35:00+00:00,-0.0297742070088568,8,6660,67.68599226767635,1980,20.034963351756595,0,,2
53,53,2023-10-01 22:55:00+00:00,-0.009081246924565023,5,5592,44.85251533022148,3048,37.600904560221124,0,,2
54,54,2023-10-09 03:15:00+00:00,0.029231158427637238,9,5028,16.738126065951164,3612,32.403111751400374,0,,2
55,55,2023-10-16 04:05:00+00:00,0.01413005450940874,9,4008,59.76676547316825,4632,26.378168117300422,0,,2
56,56,2023-10-23 06:30:00+00:00,0.0041755124748648065,1,4044,48.35573100602151,4596,34.82847333090106,0,,2
57,57,2023-10-30 09:55:00+00:00,-0.0207106048661726,6,2928,72.39721391756005,3900,210.95970745287585,1812,26.372569203416475,3
58,58,2023-11-06 10:20:00+00:00,0.012931780844491536,2,3552,73.80559314557473,3072,147.72239397250277,2016,16.21507083267471,3
59,59,2023-11-13 12:00:00+00:00,0.006252475114038036,7,2868,65.98384073095839,3756,134.73954775362228,2016,16.21507083267471,3
60,60,2023-11-20 12:35:00+00:00,-0.04395962520846031,9,4092,42.312463357868786,2532,63.202813118218984,2016,13.30396344462691,3
61,61,2023-11-27 14:20:00+00:00,0.08848428665496688,8,6108,63.97713252243267,1752,18.73235871075536,780,7.539771918423402,3
62,62,2023-12-04 14:45:00+00:00,-0.012435109770383757,4,6660,-1.6034622024381666,1980,82.88311109498956,0,,1
63,63,2023-12-11 15:45:00+00:00,-0.05468678150135042,9,5352,116.79518973592931,3288,339.4185818914303,0,,2
64,64,2023-12-18 18:10:00+00:00,-0.014013350176417805,1,5808,-1.953155495463665,2832,310.12152998902064,0,,1
