,fold,test_start,oos_return,oos_trades,is_calmar,traded,p_n_donchian,p_n_roc,p_n_ema,p_n_atr,p_k,p_m,p_r,p_max_hold,p_signal_exit_after,p_risk_frac
0,0,2022-07-01 21:00:00+00:00,-0.017561475659867765,20,553.6304634998987,True,66,667,12,350,2.2770105842387975,11.471261492260304,1.9133440468419756,1347,1000000000,0.023078153739550137
1,1,2022-07-09 00:30:00+00:00,0.03393085103095661,10,1204.1691432884297,True,29,850,17,411,2.2003309092843866,12.888090347935073,2.395804104049754,1182,1000000000,0.02709859134092246
2,2,2022-07-16 05:15:00+00:00,-0.05484847264370729,5,167.96234788749734,True,16,216,16,18,1.4587356888359995,33.29229414003392,2.350814056415186,717,1000000000,0.021350226716247773
3,3,2022-07-23 09:00:00+00:00,0.10202891964843452,4,188.96106987962824,True,67,521,27,22,2.126431171660851,41.16862137927429,3.5331108144273777,610,1000000000,0.020912167915618812
4,4,2022-07-30 12:05:00+00:00,0.0018884803222729563,5,31.78489196256208,True,356,22,502,124,2.664463466367029,57.828520187268694,2.3756330473325438,2099,288,0.005107290517929051
5,5,2022-08-06 13:55:00+00:00,0.055647088826573876,10,283.4037406984537,True,14,19,205,16,1.277851149764997,24.824511857156015,1.779232819694873,2112,288,0.02366725929513689
6,6,2022-08-13 21:00:00+00:00,0.001434934256755227,7,435.84672484527096,True,153,20,57,266,2.397807579134668,55.21135488825402,2.53501886754294,2086,288,0.028005059158007006
7,7,2022-08-21 02:40:00+00:00,0.023209664371780292,6,256.4281875204241,True,106,123,750,439,2.7736141304498205,44.4600811441894,2.936630864946052,2454,288,0.017724012012476784
8,8,2022-08-28 07:00:00+00:00,-0.009370034356457335,7,65.29422476684624,True,95,15,89,29,2.807784566310981,59.17169676330289,3.497218950670309,2343,288,0.0053701752322222445
9,9,2022-09-04 12:15:00+00:00,0.010619569056513622,6,49.82711669873386,True,130,18,86,447,1.8128962009973748,59.916209592486325,3.8322235013620314,424,288,0.005732618896810664
10,10,2022-09-11 15:25:00+00:00,0.05406406035920974,7,124.50486996470339,True,15,16,379,46,1.1033000204708914,54.95685182637801,1.7164711687790062,944,288,0.028468639372993376
11,11,2022-09-18 19:00:00+00:00,-0.027263119923334078,9,58.950527523967864,True,16,38,525,540,1.7061425965752688,41.957620786307515,1.801763506857058,2735,288,0.011650143688078164
12,12,2022-09-25 21:20:00+00:00,-0.009421902178058605,7,26.008960766907514,True,91,18,812,414,2.671783593701453,54.19430980648996,2.674058972804384,2634,288,0.007490939186953274
13,13,2022-10-03 02:50:00+00:00,-0.007766677264170685,6,46.4437732849356,True,99,15,861,630,2.8459778619437586,44.85301433323952,3.2824144489309957,2799,288,0.007535005134324324
14,14,2022-10-10 09:25:00+00:00,0.0036854408403244054,6,37.98295079734785,True,130,15,484,595,2.9366793395536814,50.18090519648994,2.5531959792998293,2383,288,0.0032580785632526084
15,15,2022-10-17 16:15:00+00:00,-0.007496916446433799,8,25.208434605399688,True,126,16,271,31,2.8044599201093012,57.3441330585204,3.3531944237482154,2866,288,0.0028287252249701114
16,16,2022-10-24 21:10:00+00:00,0.06224533790979514,5,43.15957445243747,True,647,137,30,202,2.6519798823566227,46.66959804234723,3.5323574534856292,2442,288,0.017810961859867337
17,17,2022-10-31 23:05:00+00:00,0.00386216422486374,4,48.705849355854795,True,74,12,95,861,2.9069706464295346,34.46347150211734,3.6154732930601106,709,1000000000,0.00376044764280035
18,18,2022-11-08 00:20:00+00:00,0.0,0,-1.300291425690299,False,12,23,133,22,1.1284930416718306,14.358312686316324,1.9340584829847323,631,0,0.02833475877777549
19,19,2022-11-15 02:35:00+00:00,0.007391980981871438,5,143.74777405061587,True,14,19,83,127,2.4791521691783287,38.2463614985151,1.5923694261249024,639,1000000000,0.024173292496437803
20,20,2022-11-22 03:50:00+00:00,-0.07275805697934712,11,274.41766825452027,True,826,94,99,98,2.816481902584698,19.77156512993585,2.22045850613514,2514,288,0.022292217275737262
21,21,2022-11-29 05:40:00+00:00,-0.04650215952610337,16,415.2021510068115,True,37,163,44,808,1.5384441794108352,12.756984639070094,2.392081199297509,2871,288,0.026496745759976233
22,22,2022-12-06 08:50:00+00:00,0.0012389008686133351,9,394.8695683954808,True,36,15,93,59,1.3054745506729617,31.584551171268206,1.8214754306711733,2262,288,0.014784823752834087
23,23,2022-12-13 11:20:00+00:00,0.014875730013786503,7,234.43662198809375,True,46,19,204,39,1.2623735606077497,56.93041294528928,1.608314704945351,2804,288,0.02259588944596828
24,24,2022-12-20 12:30:00+00:00,-0.02312076657274853,9,406.3443626767886,True,34,21,301,18,1.8400144421361693,22.56617523977595,2.2478865897443354,1051,288,0.019747894371322662
25,25,2022-12-27 15:10:00+00:00,-0.006159339359845584,3,37.90177199895257,True,38,22,209,235,2.542451178390284,29.10947693636523,1.6916565673373807,2724,1000000000,0.006991172670601269
26,26,2023-01-03 17:10:00+00:00,0.0,0,-1.3507381514270589,False,125,12,14,75,1.041631642863065,46.68019173879936,1.8346340936379497,1800,0,0.027088249482376408
27,27,2023-01-10 19:55:00+00:00,0.08271835190859522,7,96.93605932365406,True,71,39,327,379,2.8559838094743575,28.246702454743986,2.1583603014435804,1994,1000000000,0.011849687213990536
28,28,2023-01-17 20:45:00+00:00,0.009814706442123233,6,29.491109544534666,True,188,98,738,806,2.5990375415520273,49.46492680160813,2.9601518963225755,2610,288,0.008660612392900717
29,29,2023-01-25 00:45:00+00:00,-0.043907595649095854,5,147.30764350989529,True,15,19,189,193,2.5788752068227296,26.863443039414783,2.0294353376029655,2481,1000000000,0.008599625555016687
30,30,2023-02-01 04:25:00+00:00,-0.04467938195311105,3,555.0376833208237,True,30,14,512,51,2.0940192346493434,20.53951244196457,1.8914845900337478,1948,1000000000,0.021701747840763876
31,31,2023-02-08 05:55:00+00:00,0.06641535607680948,4,384.9939356814663,True,272,198,178,308,2.901982289855171,30.931840701682376,3.271721334443465,2590,288,0.025022845786553588
32,32,2023-02-15 07:00:00+00:00,0.01248486383183689,7,60.740329170197406,True,407,29,148,99,2.7711699934077605,48.887649364796516,3.820873296666784,2255,288,0.0027306509540860275
33,33,2023-02-22 08:00:00+00:00,-0.05276364810160583,8,322.4125004680704,True,75,158,199,63,1.8203037860835347,37.40953756525405,2.31980093672601,2384,288,0.02851489845449801
34,34,2023-03-01 11:40:00+00:00,0.023450101423844627,6,322.2541204427378,True,159,32,194,76,1.6750818859866243,56.82487330483163,3.305797496668206,2693,288,0.027410181038700982
35,35,2023-05-25 10:55:00+00:00,-0.0029061051732020005,7,41.2241620034049,True,79,71,472,757,1.9991500950181946,55.39311697767144,2.8049627651418505,2379,288,0.004537088930097815
36,36,2023-06-01 15:05:00+00:00,0.006371562178950185,7,43.589890093471126,True,80,91,580,51,1.3790520190086903,51.0510749930029,2.148124904259043,2560,288,0.004100812414480009
37,37,2023-06-08 19:15:00+00:00,0.013394685339977785,7,54.516131366908176,True,78,22,560,537,2.7655904498536237,51.16542962716853,3.366210446374593,2501,288,0.010820881566764284
38,38,2023-06-15 23:55:00+00:00,0.010821761026980292,7,35.01856018444907,True,38,18,713,692,2.9415513932789743,48.56476037112729,3.605209868067928,1462,288,0.004198061055411868
39,39,2023-06-23 04:55:00+00:00,0.010814175989457775,7,76.29359593970206,True,230,15,170,20,1.1380819380812857,21.93894739665678,2.537701024739423,2570,288,0.008361632730143209
40,40,2023-06-30 10:10:00+00:00,0.001468883874724991,7,38.61993044526584,True,26,30,556,738,1.2476640466972075,51.23547020747564,3.0274365006673727,2587,288,0.010561350185062142
41,41,2023-07-07 16:00:00+00:00,-0.0319425897381469,8,112.52154703143032,True,31,93,67,488,1.2936937173134806,26.39889331149014,2.203697922543219,2874,288,0.023339112514907445
42,42,2023-07-14 18:20:00+00:00,0.0,0,-1.2604376536012107,False,41,17,14,12,1.0143164259689363,12.054218245035027,1.6538812656047706,1692,0,0.025959479927108522
43,43,2023-07-22 00:00:00+00:00,0.0,0,-1.297261664505346,False,83,16,24,97,1.0884229335634623,21.05866168931758,1.5316736963294375,2058,0,0.028930742111140464
44,44,2023-07-29 05:10:00+00:00,0.0,0,-1.2615035311368092,False,75,12,15,14,1.017702294644846,12.381669187456776,1.910686003748351,1810,0,0.022480636080944284
45,45,2023-08-05 09:50:00+00:00,0.0,0,-1.3533516021473397,False,58,12,16,13,1.0040461719334095,53.58185567975592,1.6157184580820279,1996,0,0.029235121082972795
46,46,2023-08-12 15:20:00+00:00,0.0,0,-1.3063978102831357,False,58,12,13,13,1.0336238621581115,27.384307807804824,3.4125297926147127,2713,0,0.026013761604922546
47,47,2023-08-19 17:55:00+00:00,-0.0015917788741823813,7,14.309532509309744,True,196,22,747,703,2.361473926345133,52.51598476733524,2.3746078603204426,2687,288,0.003520418155446296
48,48,2023-08-26 21:55:00+00:00,0.0,0,-0.5472733836796839,False,122,26,758,327,2.8789978831283785,54.74136752138244,2.994749947027713,2678,288,0.005610872504921318
49,49,2023-09-03 03:05:00+00:00,-0.00526718149819716,6,35.17985758040815,True,104,63,600,836,2.48724509063781,47.5797096409572,3.833650876914747,2792,288,0.008323794061182084
50,50,2023-09-10 08:30:00+00:00,0.0,0,-1.2696734172748179,False,408,12,15,14,1.031668191980245,27.568009212590542,3.767575994134731,2256,0,0.02990671559572825
51,51,2023-09-17 13:20:00+00:00,0.0,0,-1.2354706119757943,False,12,15,497,38,1.587450393398415,31.59403895857822,2.280510750286649,2577,0,0.028944968332061945
52,52,2023-09-24 17:35:00+00:00,0.0,0,-1.2468462742687803,False,12,15,433,23,1.9237355840100745,23.98040203095858,2.9447770885582494,1018,0,0.028574295101307344
53,53,2023-10-01 22:55:00+00:00,0.0,0,-1.2179707841886935,False,12,14,446,19,1.3037396531059995,13.132356831245286,2.0661208448086144,1661,0,0.025010349872161365
54,54,2023-10-09 03:15:00+00:00,0.0,0,-1.221097041389546,False,117,12,13,14,1.0336537409709747,17.844011849280353,1.5541572263329606,2416,0,0.02699751102953289
55,55,2023-10-16 04:05:00+00:00,0.0,0,-1.2506889393267848,False,342,12,19,13,1.0024589069772183,17.89898267372971,1.8003100269594914,2704,0,0.027801595243345276
56,56,2023-10-23 06:30:00+00:00,0.013153642903741991,3,227.64780132729453,True,52,572,24,15,1.7513494522509032,34.08600261253859,3.926082827223933,750,1000000000,0.015556934645371357
57,57,2023-10-30 09:55:00+00:00,-0.004054278560770896,6,91.46387260689463,True,293,37,713,123,2.6155828958395326,54.11604125352372,2.660431592749761,2100,288,0.007446438337709639
58,58,2023-11-06 10:20:00+00:00,-0.00950961292386776,7,39.00860656939933,True,18,19,173,79,1.2494027971585424,55.5790185733869,2.246397967579423,2503,288,0.022435512319611425
59,59,2023-11-13 12:00:00+00:00,-0.0033459013821479644,6,54.64939675244764,True,428,71,736,354,2.681145773652848,47.81427328396498,2.849348008326794,2362,288,0.0036618522919952367
60,60,2023-11-20 12:35:00+00:00,0.0018961161548938232,3,219.27514527891074,True,38,149,94,18,1.6223087298504046,25.26189936145307,3.3474182602429976,853,1000000000,0.024265646615903205
61,61,2023-11-27 14:20:00+00:00,0.002910985894675644,8,17.46325858308581,True,24,17,781,451,1.2779614346676218,37.725133185623555,2.826293422187228,2367,288,0.009680186349673912
62,62,2023-12-04 14:45:00+00:00,0.004957076323026222,4,53.58531298573684,True,17,576,531,352,2.2919802092509496,57.24657436373806,2.9571344584298984,2567,288,0.003756331393829598
63,63,2023-12-11 15:45:00+00:00,-0.0023232611673253967,6,58.61012392415187,True,184,12,494,312,2.0448118783396807,34.55306474901367,1.9180153907219268,650,288,0.010174666983816727
64,64,2023-12-18 18:10:00+00:00,-0.07225733799248779,10,184.58287143281862,True,12,337,20,357,1.1341169120698495,15.86228985073697,3.706056248630171,1311,288,0.02558871520096933
